community_id,nodes,edges,density,top_connector
1,163,577,0.04370218889646293,GHISLAINE MAXWELL
2,144,181,0.01757964257964258,JEFFREY EPSTEIN
3,73,315,0.11986301369863013,Larry Visoski
4,28,48,0.12698412698412698,Richard Kahn
5,14,22,0.24175824175824176,Celina Midelfart
6,9,20,0.5555555555555556,Elizabeth Elizabeth
7,6,12,0.8,Andy Stewart
8,5,10,1.0,Anna Molova
9,4,6,1.0,Judy Tuckerman
10,2,1,1.0,Bradley Edwards
11,2,1,1.0,Ginger ?
