graph,nodes,edges,components,largest_component_nodes,density,avg_degree,avg_clustering,diameter_lcc,avg_path_length_lcc
Empirical,450,1728,1,450,0.01710467706013363,7.68,0.6626494686662038,4,2.0979955456570156
ER,450,1728,1,450,0.01710467706013363,7.68,0.01773784603196368,6,3.220153427369463
BA,450,1784,1,450,0.017658995298193515,7.928888888888889,0.05901479056206024,5,2.8871269487750557
WS,450,1800,1,450,0.017817371937639197,8.0,0.5042497995831329,8,4.598020292006929
